,param_set,minEIR,maxEIR
0,9.0,0.6115618646144,27.0514826178551
