,param_set,minEIR,maxEIR
0,2.0,0.8011049777269,57.472103953357
