,param_set,minEIR,maxEIR
0,15.0,0.6933066993952,41.34278357029
