score_type,id,value
eir_score,1,2.272382475693127
eir_score,2,0.35522604515302775
eir_score,3,0.020010810535011605
eir_score,4,0.13178978610040118
