score_type,id,value
intensity_score,1,1.3924873970628024
intensity_score,2,0.6945490394327672
intensity_score,3,0.5700490309904641
intensity_score,4,0.3755780836753182
