score_type,id,value
prevalence_score,1,0.8709465132884536
prevalence_score,2,0.5034846609374077
prevalence_score,3,0.319699334216108
prevalence_score,4,0.1603757069040932
