score_type,id,value
shape_score,1,1.7317350526532225
shape_score,2,0.6026676081496632
shape_score,3,0.7975491062245443
shape_score,4,0.2087505298198548
