,param_set,minEIR,maxEIR
0,1.0,0.40594058483835,80.023892879484
