score_type,id,value
eir_score,1,1.2259069941591607
eir_score,2,6.331958211280987
eir_score,3,0.1292725547038543
eir_score,4,0.05305897244713856
