score_type,id,value
intensity_score,1,1.0047730347568122
intensity_score,2,0.5722018313348055
intensity_score,3,0.8676172201544795
intensity_score,4,0.40308827027074373
