score_type,id,value
prevalence_score,1,0.8543138504553032
prevalence_score,2,0.3375255851447428
prevalence_score,3,1.0530607334004782
prevalence_score,4,0.1643569162021959
