score_type,id,value
shape_score,1,1.6107637466080806
shape_score,2,0.5850809701488506
shape_score,3,1.1763479486379955
shape_score,4,0.290982107931803
