,param_set,minEIR,maxEIR
0,15.0,0.43465633690364003,98.551172733309
