,param_set,minEIR,maxEIR
0,1.0,0.46185997873539997,23.0866107344628
