,param_set,minEIR,maxEIR
0,12.0,0.6648441106081999,36.881741404534
